Country or territory,Legality,Notes,CODE
Algeria,Illegal,"According to the official journal (28 December 2017): Art. 117. — The purchase, sale, use, and holding of so-called virtual currency is prohibited. Virtual currency is that used by internet users via the web. It is characterized by the absence of physical support such as coins, notes, payments by cheque or credit card. Any breach of this provision is punishable in accordance with the laws and regulations in force.[15][16]: 82",DZA
Egypt,Illegal,"""Individuals, banks, and other financial institutions are prohibited from dealing in cryptocurrencies.""[17]",EGY
Morocco,Illegal,"On 20 November 2017 the exchange office issued a public statement in which it declared, ""The Office des Changes wishes to inform the general public that the transactions via virtual currencies constitute an infringement of the exchange regulations, liable to penalties and fines provided for by [existing laws] in force.""[16]: 87 The following day, the monetary authorities also reacted in a statement issued jointly by the Ministry of Economy and Finance, Bank Al-Maghrib and the Moroccan Capital Market Authority (AMMC), warning against risks associated with bitcoin, which may be used ""for illicit or criminal purposes, including money laundering and terrorist financing"".[18] On 19 December 2017, Abdellatif Jouahri, governor of Bank Al-Maghrib, said at a press conference held in Rabat during the last quarterly meeting of the Bank Al-Maghrib's Board of 2017 that bitcoin is not a currency but a ""financial asset"". He also warned of its dangers and called for a framework to be put in place for consumer protection.[19]",MAR
Nigeria,Banking ban,"As of 17 January 2017, The Central Bank of Nigeria (CBN) has passed a circular to inform all Nigerian banks that bank transactions in bitcoin and other virtual currencies have been banned in Nigeria.[20] Later on, a committee was set up by the Central Bank of Nigeria (CBN) and the Nigeria Deposit Insurance Corporation (NDIC) to look into the possibility of the country adopting the technology driving bitcoin and other digital currencies – blockchain. The committee has submitted its report but ""several sub-committees are still working on the issue"" according to the Director, Banking & Payments System Department at CBN, Mr. ‘Dipo Fatokun.[21] On 5 February 2021, The Central Bank of Nigeria issued a circular informing financial institutions in Nigeria that sequel to their circular in January 2017, dealing in cryptocurrency or facilitating payment for same remains prohibited and would attract a stiff penalty.[22]",NGA
"Tanzania, United Republic of",Legal,"While not officially banned, the Bank of Tanzania advises not to use cryptocurrency, stressing that the Tanzanian shilling is the only acceptable legal tender.[23][24]",TZA
Central African Republic,Legal,"On 22 April 2022 parliament of the Central African Republic voted for the cryptocurrency law which was promulgated on 27 April officially making Bitcoin a legal tender in the country.[25] In April 2023, the CAR agreed to repeal the adoption of Bitcoin as legal tender.[26]",CAF
Mauritius,Legal,"The Financial Services Commission of Mauritius considers cryptocurrencies to be regulated as a Digital Asset under the Financial Services Act 2007, and while it cautions investors they are not protected by any statutory compensation agreements, they are legal.[27]",MUS
Angola,Legal,"While government officials have advised against the use of bitcoin, there is no legislation against it and it remains fully legal.[28]",AGO
South Africa,Legal,"In December 2014 the Reserve Bank of South Africa issued a position paper on virtual currencies whereby it declared that virtual currency had ""no legal status or regulatory framework"".[29] The South African Revenue Service classified bitcoin as an intangible asset.[30]",ZAF
Namibia,Banking ban,In September 2017 the Bank of Namibia issued a position paper on virtual currencies entitled[31] wherein it declared cryptocurrency exchanges are not allowed and cryptocurrency cannot be accepted as payment for goods and services.,NAM
Zimbabwe,No data,"The Reserve Bank Of Zimbabwe has banned the banking use of crypto currency, however the High Court Order lifted the ban. The Reserve Bank have filed a notice of objection with the Court. However, no source indicating a resolution of the matter was located.[32]",ZWE
Canada,Legal,"Companies dealing in virtual currencies must register with the national financial intelligence agency Financial Transactions and Reports Analysis Centre of Canada (FINTRAC), implement compliance programs, keep the required records, report suspicious or terrorist-related transactions, and determine if any of their customers are ""politically exposed persons."" The law applies to non-Canadian virtual currency exchanges if they have Canadian customers. Banks may not open or maintain accounts or have a correspondent banking relationship with companies dealing in virtual currencies if that company is not registered with FINTRAC. Dealers in digital currency are regulated as money services businesses.[33] The Autorité des marchés financiers (AMF), the financial regulator in the province of Quebec, has declared that some bitcoin related business models, including exchanges and ATMs, are regulated under its current MSB Act.[34] As of April 2018, the Bank of Montreal (BMO) announced that it would ban its credit and debit card customers from participating in cryptocurrency purchases with their cards.[35] This is following another banking ban in Canada from Toronto-Dominion Bank (TD).[36]",CAN
United States,Legal,"The U.S. Treasury classified bitcoin as a convertible decentralized virtual currency in 2013.[37] The Commodity Futures Trading Commission (CFTC), classified bitcoin as a commodity in September 2015. Per the Internal Revenue Service (IRS), bitcoin is taxed as a property.[38] Bitcoin was mentioned in a U.S. Supreme Court opinion (in the case of Wisconsin Central Ltd. v. United States) on 21 June 2018.[39] In an opinion, the U.S. Supreme Court mentioned that the definition of money has changed over time and that ""perhaps one day employees will be paid in Bitcoin or some other type of cryptocurrency...""[39] If money services businesses, including cryptocurrency exchanges, money transmitters, and anonymizing services (known as ""mixers"" or ""tumblers"") do a substantial amount of business in the U.S., according to Financial Crimes Enforcement Network (FinCEN) director Kenneth Blanco in 2018, they are required to:[40] register with the U.S. FinCEN as a money services business design and enforce an anti-money laundering (AML) program, and keep appropriate records and make reports to FinCEN, including Suspicious Activity Reports (SARs) and Currency Transaction Reports (CTRs) As of August 2018[40] Seventeen other countries have similar AML requirements.[16] In September 2016, in a federal court case involving a person operating an unlicensed money transmitting businesses, the U.S. District Court for the Southern District of New York ruled that ""Bitcoins are funds within the plain meaning of that term. Bitcoins can be accepted as a payment for goods and services or bought directly from an exchange with a bank account. They therefore function as pecuniary resources and are used as a medium of exchange and a means of payment.""[41]",USA
Mexico,Legal,"Bitcoin was legal in Mexico as of 2017, with plans to regulate it as a virtual asset by the FinTech Law.[42]",MEX
Costa Rica,Not considered currency,"In October 2017, the Central Bank of Costa Rica issued a statement that Bitcoin and cryptocurrencies are not considered currencies, are not backed by law, and cannot be traded on Costa Rica's national payment system. The Central Bank emphasized that anyone who used cryptocurrency did so at their own risk.[43]",CRI
El Salvador,Legal,"Main article: Bitcoin in El Salvador Bitcoin was made legal tender in the country through the Bitcoin Law, which was passed on 8 June 2021,[44][45] and took effect on 7 September 2021.[46][47] During the first month, the Salvadoran Foundation for Economic and Social Development reported that 12 percent of Salvadoran consumers have used the cryptocurrency, however, 93 percent of companies surveyed reported receiving no payments in bitcoin.[48]",SLV
Nicaragua,Not regulated,"As of 2014, the government had not passed any regulation on Bitcoin, nor had the central bank issued rulings or guidelines. In January 2014, El Nuevo Diario reported that an American banker had used bitcoin to purchase real estate in the country. [3]: Nicaragua",NIC
Jamaica,Legal,"In 2017, The Bank of Jamaica (BoJ), issued a statement saying that it must create opportunities for the exploitation of cryptocurrency technology. The BoJ said it planned a campaign to build awareness of cryptocurrencies as part of increasing general financial literacy.[49][50][3]: Jamaica",JAM
Trinidad and Tobago,Legal,"In 2018, the Central Bank of Trinidad and Tobago issued a statement that it was willing to work with companies that provided Fintech and virtual currencies, while also cautioning that virtual currencies were risky, could be used to facilitate criminal activities, and lacked insurance and regulator recourse in case of problems.[51]",TTO
Argentina,Banking ban,"Bitcoins may be considered money, but not legal currency. A bitcoin may be considered either a good or a thing under the Argentina's Civil Code, and transactions with bitcoins may be governed by the rules for the sale of goods under the Civil Code.[3]: Argentina On 5 May 2022, the Central Bank of Argentina banned financial institutions to facilitate any cryptocurrency-related transactions.[52]",ARG
"Bolivia, Plurinational State of",Banking ban,The Central Bank of Bolivia issued a resolution banning bitcoin and any other currency not regulated by a country or economic zone in 2014.[53] Resolution of the Central Bank of Bolivia No. 144 of 15 December 2020 repealed Resolution No. 044 of 6 May 2014.[54],BOL
Brazil,Legal,"In December 2022, Brazil established a licensing regime for virtual asset service providers with the aim of legalizing crypto as a payment method. Previously regulated, according to a 2014 statement by the Central Bank of Brazil concerning cryptocurrencies, but is discouraged because of operational risks.[55] In November 2017 this unregulated and discouraged status was reiterated by the Central Bank of Brazil.[56] On 7 May 2019, the Special Department of Federal Revenue of Brazil published a document on cryptocurrency taxes in the country.[57]",BRA
Chile,Legal,There is no regulation on the use of bitcoins.[3]: Chile,CHL
Colombia,Banking ban,"Financial institutions are not allowed to facilitate bitcoin transactions. The Superintendencia Financiera warned financial institutions in 2014 that they may not ""protect, invest, broker, or manage virtual money operations"".[16]",COL
Ecuador,Legal,"Usage of any cryptocurrency as a payment tool is banned, according to Article 98 of the Organic Code on Monetary and Financial Matters, with sanctions that includes the seizure of cryptocurrencies and any product acquired with them.[58] As of 25 December 2021, no person has been criminally prosecuted for this reason. The Ecuadorian financial system strictly blocks any cryptocurrency-related transaction. Despite this, on 8 January 2018, according to a statement issued by the Central Bank of Ecuador, the purchase and sale of bitcoins is legal.[59]",ECU
"Venezuela, Bolivarian Republic of",Legal,"In January 2018 Carlos Vargas, the government's cryptocurrency superintendent said ""It is an activity that is now perfectly legal. We have had meetings with the Supreme Court so that people who have been victims of seizures and arrests in previous years will have charges dismissed.""[60][unreliable source?] In March 2023, regulators issued a temporary ban on all cryptocurrency mining, due to concerns over corruption and embezzlement. As of June the ban remained in place.[61]",VEN
Afghanistan,Illegal,In August 2022 Taliban banned trading in cryptocurrencies.[62],AFG
Kyrgyzstan,Legal,"Bitcoin is considered a commodity,[63] not a security or currency under the laws of the Kyrgyz Republic and may be legally mined, bought, sold and traded on a local commodity exchange.[64] The use of bitcoin as a currency in domestic settlements is restricted.[65]",KGZ
Uzbekistan,Legal,"On 2 September 2018, a decree legalizing crypto trading — also making it tax-free — and mining in the country came into force, making Uzbekistan a crypto-friendly state.[66]",UZB
United Arab Emirates,Banking ban,"According to the Library of Congress ""The Central Bank does not recognize cryptocurrencies as a form of payment yet. However, it is working on a new regulation for retail payment services that introduces the concept of tokens that could be used for payment purposes.""[32] On 13 February 2018 Dubai gold trader Regal RA DMCC became the first company in the Middle East to get a license to trade cryptocurrencies, the Dubai Multi Commodities Centre said.[67] DMCC's website emphasizes the ""cold storage"" of cryptocurrencies and states ""DMCC's Crypto-commodities license is for Proprietary Trading in Crypto-commodities only. No initial coin offerings are permitted and no establishment of an exchange is permitted under this license.""[68] In November 2020, the Capital Market Authority published ""The Chairman of the Authority's Board of Directors' Decision No. (23/Chairman) of 2020 Concerning Crypto Assets Activities Regulation."" It establishes a regulatory framework for the offering, issuance, listing, and trading of crypto assets. Crypto assets providers must be incorporated onshore within the UAE.[69][70][71][72]",ARE
Israel,Not considered currency,"As of 2017, the Israel Tax Authority issued a statement saying that bitcoin and other cryptocurrencies would not fall under the legal definition of currency, and neither of that of a financial security, but of a taxable asset.[73] Each time a bitcoin is sold, the seller would have to pay a capital gains tax of 25%. Miners, traders of bitcoins would be treated as businesses and would have to pay corporate income tax as well as charge a 17% VAT.[74]",ISR
Saudi Arabia,Banking ban,Financial institutions are warned from using bitcoin.[16] The Saudi Central Bank (SAMA) has warned from using bitcoin as it is high risk and its dealers will not be guaranteed any protection or rights.[75],SAU
Jordan,Banking ban,"The government of Jordan has issued a warning discouraging the use of bitcoin and other similar systems.[76] The Central Bank of Jordan prohibits banks, currency exchanges, financial companies, and payment service companies from dealing in bitcoins or other digital currencies.[77] While it warned the public of risks of bitcoins, and that they are not legal tender, bitcoins are still accepted by small businesses and merchants.[77]",JOR
Lebanon,Legal,The government of Lebanon has issued a warning discouraging the use of bitcoin and other similar systems.[76],LBN
Turkey,Legal,"On 16 April 2021, Central Bank of the Republic of Turkey issued a regulation banning the use of cryptocurrencies including bitcoin and other such digital assets based on distributed ledger technology, directly or indirectly, to pay for goods and services, citing possible ""irreparable"" damage and transaction risks starting 30 April 2021.[78][79]",TUR
Qatar,Banking ban,Banks are not allowed to trade in bitcoin due to concerns over financial crimes and hacking. Additionally cryptocurrency is banned in the Qatar Financial Centre.[80],QAT
"Iran, Islamic Republic of",Banking ban,"Financial institutions are not allowed by central bank to facilitate bitcoin transactions.[16] In April 2018, Central Bank of the Islamic Republic of Iran issued a statement banning the country's banks and financial institutions from dealing with cryptocurrencies, citing money laundering and terrorism financing risks.[81]",IRN
Bangladesh,Illegal,"Financial institutions are not allowed to facilitate bitcoin transactions.[16] In September 2014, Bangladesh Bank said that ""anybody caught using the virtual currency could be jailed under the country's strict anti-money laundering laws"".[82] In 2021 the Bangladesh Bank said that cryptocurrency transactions or trade should be deemed as crimes if they involve money laundering or terror financing.[83]",BGD
India,Legal,"Finance minister Arun Jaitley, in his budget speech on 1 February 2018, stated that the government will do everything to discontinue the use of bitcoin and other virtual currencies in India for criminal uses. He reiterated that India does not recognise them as legal tender and will instead encourage blockchain technology in payment systems. ""The government does not recognise cryptocurrency as legal tender or coin and will take all measures to eliminate the use of these cryptoassets in financing illegitimate activities or as part of the payments system,"" Jaitley said.[84] In early 2018 India's central bank, the Reserve Bank of India (RBI) announced a ban on the sale or purchase of cryptocurrency for entities regulated by RBI.[85] In 2019, a petition has been filed by Internet and Mobile Association of India with the Supreme Court of India challenging the legality of cryptocurrencies and seeking a direction or order restraining their transaction.[86] In March 2020, the Supreme Court of India passed the verdict, revoking the RBI ban on cryptocurrency trade.[87][88] In 2021, the government is exploring the creation of a state-backed digital currency issued by the Reserve Bank of India, while banning private ones like bitcoin.[89] At present, India neither prohibits nor allows investment in the cryptocurrency market. In 2020, the Supreme Court of India had specifically lifted the ban on cryptocurrency, which was imposed by the Reserve Bank of India.[90][91][92][93] Since then the investment in cryptocurrency is considered legitimate though there is still ambiguity about the issues regarding the extent and payment of tax on the income accrued thereupon and also its regulatory regime. But it is being contemplated that the Indian Parliament will soon pass a specific law to either ban or regulate the cryptocurrency market in India.[94] Expressing his public policy opinion on the Indian cryptocurrency market to a well-known online publication, a leading public policy lawyer and Vice President of SAARCLAW (South Asian Association for Regional Co-operation in Law) Hemant Batra has said that the ""cryptocurrency market has now become very big with involvement of billions of dollars in the market hence, it is now unattainable and irreconcilable for the government to completely ban all sorts of cryptocurrency and its trading and investment"".[95] He mooted regulating the cryptocurrency market rather than completely banning it. He favoured following IMF and FATF guidelines in this regard.",IND
Nepal,Illegal,Absolute ban.[16] The use of any cryptocurrency is illegal in Nepal.[96],NPL
Pakistan,Legal,"Cryptocurrencies including bitcoin are not officially regulated in Pakistan;[97][98] however, it is not illegal or banned. As of 16 January 2021, the State Bank of Pakistan has not authorized any individuals or organizations to carry out the sale, purchase, exchange, and investment of virtual currencies, coins, and tokens.[99] There have been a number of arrests by the Cyber Crime Wing of the Federal Investigation Agency (FIA) related to the mining of bitcoin and other cryptocurrencies. These arrests were made under money-laundering charges.[100] Despite the many controversies around virtual currencies, prominent Pakistani bloggers and social media influencers are publicly involved in trading bitcoin and regularly publish content on social media in the favor of regulating cryptocurrencies. In December 2020, the Khyber Pakhtunkhwa government became the first province in Pakistan to pass a resolution to legalize cryptocurrency in the country.[101]",PAK
China,Illegal,"Financial institutions are not allowed to facilitate bitcoin transactions.[16] Regulation prohibits financial firms holding or trading cryptocurrencies.[8]: China On 5 December 2013, People's Bank of China (PBOC) made its first step in regulating bitcoin by prohibiting financial institutions from handling bitcoin transactions.[102] On 1 April 2014 PBOC ordered commercial banks and payment companies to close bitcoin trading accounts in two weeks.[103] Cryptocurrency exchanges or trading platforms were effectively banned by regulation in September 2017 with 173 platforms closed down by July 2018.[104] In early 2018 the People's Bank of China announced the State Administration of Foreign Exchange led by Pan Gongsheng would crack down on bitcoin mining.[105][106] Many bitcoin mining operations in China had stopped operating by January 2018.[104] A complete ban on cryptocurrency trading and mining was put into effect on 24 September 2021.[107]",CHN
Hong Kong,Legal,"In 2013 Norman Chan, the chief executive of Hong Kong Monetary Authority (HKMA) said that bitcoin is only a virtual commodity. He also decided that bitcoin will not be regulated by HKMA. However, the authority will be closely watching the usage of bitcoin locally and its development overseas.[108] Secretary for Financial Services and the Treasury addressed bitcoin in the Legislative Council stating that ""Hong Kong at present has no legislation directly regulating bitcoins and other virtual currencies of [a] similar kind. However, our existing laws (such as the Organised and Serious Crimes Ordinance) provide sanctions against unlawful acts involving bitcoins, such as fraud or money laundering.""[3]: Hong Kong Starting in late 2022 government bodies including the Treasury Bureau and the HKMA announced they intended to embrace digital assets, and began work on a regulatory framework based on the idea of ""same activity, same risks, same regulation"".[109][110][111][112] By late 2023 a supervision framework that includes enhanced identity verification was finalized.[113] The new Virtual Asset Trading Platform regulations came into force mid-2024.[114]",HKG
Japan,Legal,"On 7 March 2014, the Japanese government, in response to a series of questions asked in the National Diet, made a cabinet decision on the legal treatment of bitcoins in the form of answers to the questions.[115] The decision did not see bitcoin as currency nor bond under the current Banking Act and Financial Instruments and Exchange Law, prohibiting banks and securities companies from dealing in bitcoins. The decision also acknowledges that there are no laws to unconditionally prohibit individuals or legal entities from receiving bitcoins in exchange for goods or services. Taxes may be applicable to bitcoins. As of April 2017, cryptocurrency exchange businesses operating in Japan have been regulated by the Payment Services Act. Cryptocurrency exchange businesses have to be registered, keep records, take security measures, and take measures to protect customers. The law on cryptocurrency transactions must comply with the anti-money laundering law; and measures to protect users investors. The Payment Services Act defines ""cryptocurrency"" as a property value. The Act also states that cryptocurrency is limited to property values that are stored electronically on electronic devices, not a legal tender.[116][117]",JPN
"Korea, Republic of",Legal,Minors and all foreigners are prohibited from trading cryptocurrencies. Adult South Koreans may trade on registered exchanges using real name accounts at a bank where the exchange also has an account. Both the bank and the exchange are responsible for verifying the customer's identity and enforcing other anti-money-laundering provisions.[118][119],KOR
"Taiwan, Province of China",Banking ban,"Financial institutions are not allowed to facilitate bitcoin transactions.[16] Regulators have warned the public that bitcoin does not have legal protection, ""as the currency is not issued by any monetary authority and is therefore not entitled to legal claims or guarantee of conversion"".[120] Financial institutions have been warned by regulators that necessary regulatory actions may be taken if they use bitcoin.[3]: Taiwan On 31 December 2013, Financial Supervisory Commission (Republic of China) (FSC) and CBC issued a joint statement which warns against the use of bitcoin. It is stated that bitcoin remains highly volatile, highly speculative, and is not entitled to legal claims or guarantee of conversion.[121] On 5 January 2014, FSC chairman Tseng Ming-chung stated that FSC will not allow the installation of bitcoin ATM in Taiwan because bitcoin is not a currency and it should not be accepted by individuals and banks as payment.[122]",TWN
Cambodia,Banking ban,"The National Bank of Cambodia (NBC), has ""asked banks in Cambodia not to allow people to conduct transactions with cryptocurrencies.""[16]",KHM
Indonesia,Legal,"On 7 December 2017, Bank Indonesia, the country's central bank, issued a regulation banning the use of cryptocurrencies including bitcoin as payment tools starting 1 January 2018.[16] On 11 November 2021, Indonesian Ulema Council issued haram fatwa against use of cryptocurrencies as currency including Bitcoin, citing both Islamic laws and Indonesian banking and monetary regulations. The fatwa also forbids cryptocurrency trading and holding, except if those cryptocurrencies met the Islamic sil'ah standards of trade-able and own-able goods such as having physical form, having clear value, having known number, can be really owned, transferable, and not entirely speculative.[123] By passing of the Law on Financial Sector Development and Strengthening on 15 December 2022, all cryptocurrencies including the Bitcoin listed as ""monitored financial technologies"" that all related affairs related to the innovation, utilization, and other activities related to it will become the subject of Bank Indonesia and Financial Services Authority control and monitoring.[124]",IDN
Malaysia,Legal,"On 4 November 2013, Bank Negara Malaysia (BNM) met with local bitcoin proponents to learn more about the currency but did not comment at the time.[125] BNM issued a statement on 6 January 2014 that bitcoin is not recognised as a legal tender in Malaysia. The central bank will not regulate bitcoin operations at the moment and users should aware of the risks associated with bitcoin usage.[126][127][3]: Malaysia In 2024, the Federal Territories Islamic Religious Council announced that cryptocurrencies can be used to pay zakat. Authorities also prescribed a zakat rate at 2.5% for cryptocurrencies, the same for other tradable commodities.[128]",MYS
Philippines,Legal,"On 6 March 2014, Bangko Sentral ng Pilipinas (BSP) issued a statement on risks associated with bitcoin trading and usage. Recently virtual currencies were legalized and cryptocurrency exchanges are now regulated by Central Bank of the Philippines (Bangko Sentral ng Pilipinas) under Circular 944; however bitcoin and other ""virtual currencies"" are not recognized by the BSP as currency as ""it is neither issued or guaranteed by a central bank nor backed by any commodity.""[129]",PHL
Singapore,Legal,"In December 2013, the Monetary Authority of Singapore reportedly stated that ""[w]hether or not businesses accept bitcoins in exchange for their goods and services is a commercial decision in which MAS does not intervene.""[3]: Singapore On 22 September 2013, the Monetary Authority of Singapore (MAS) warned users of the risks associated with using bitcoin stating ""If bitcoin ceases to operate, there may not be an identifiable party responsible for refunding their monies or for them to seek recourse""[130] and in December 2013 stated ""Whether or not businesses accept bitcoins in exchange for their goods and services is a commercial decision in which MAS does not intervene""[131] In January 2014, the Inland Revenue Authority of Singapore issued a series of tax guidelines according to which bitcoin transactions may be treated as a barter exchange if it is used as a payment method for real goods and services. Businesses that deal with bitcoin currency exchanges will be taxed based on their bitcoin sales.[132] In April 2019, the MAS referred to bitcoin as a digital payment token for purposes of the Payment Services Act.[133]",SGP
Thailand,Legal,"Thai based bitcoin exchanges can only exchange Digital Currencies for Thai Baht and are required to operate with a Thailand Business Development Department e-commerce license. They are also required to have KYC and CDD policies and procedures in place, in accordance with the Ministerial Regulation Prescribing Rules and Procedures for Customer Due Diligence, Reference Page 8 Volume 129 Part 44 A Government Gazette 23 May 2555 (2012).[134] Suspicious activity must be reported to the Anti-Money Laundering Office.[135] As of 1 April 2022, the Thai government no longer allows cryptocurrencies to be used as payment for goods or services. The regulation doesn't prohibit owning or trading cryptocurrencies, although commercial banks have been cautioned against direct involvement in digital assets.[136]",THA
Viet Nam,Legal,"The State Bank of Vietnam has declared that the issuance, supply and use of bitcoin and other similar virtual currency is illegal as a mean of payment and subject to punishment ranging from 150 million to 200 million VND,[137] but the government does not ban bitcoin trading as a virtual goods or assets.[138]",VNM
Brunei Darussalam,Legal,"Bitcoin and cryptocurrency is not legal tender in Brunei Darussalam and are not regulated by AMBD (Brunei Monetary Authority). It is not protected under the laws administered by AMBD.[139] AMBD however, advised the public not to be easily enticed by any investment or financial activity advertisements, and to conduct due diligence and understand the financial products properly before participating. There is no law that stated that holding or trading bitcoin is illegal.[citation needed]",BRN
Austria,Legal,"Not considered to be an official form of currency, earnings are subject to tax law. The Financial Market Authority (FMA) has warned investors that cryptocurrencies are risky and that the FMA does not supervise or regulate virtual currencies, including bitcoin, or cryptocurrency trading platforms.[16]: 30–31",AUT
Croatia,Legal,"Croatia's Financial Stability Council warned investors about the risks of virtual currencies, such as digital wallet theft and fraud, on 18 December 2017. The National Bank of Croatia issued a similar warning on 22 September 2017.[16]: 33",HRV
Czechia,Legal,"Businesses and individuals who buy, sell, store, manage, or mediate the purchase or sale of virtual currencies or provide similar services must comply with the anti-money laundering law.[16]: 33–34 Bitcoin is classified as an intangible asset (not as electronic money) for the purpose of accounting and taxes.[140][141]",CZE
Germany,Legal,"On 19 August 2013, the German Finance Ministry announced that bitcoin is now essentially a ""unit of account"" and can be used for the purpose of tax and trading in the country, meaning that purchases made with it must pay VAT as with euro transactions. It is not classified as a foreign currency or e–money but stands as ""private money"" which can be used in ""multilateral clearing circles"", according to the ministry.[142][143] The Bundesbank says that bitcoin is not a virtual currency or digital money. It recommends using the term ""crypto token.""[16]: 41 In November 2019, a legislation passed by German parliament allows the banks to sell and store cryptocurrencies starting from 1 January 2020.[144]",DEU
Hungary,Legal,"The Hungarian Central Bank has issued several warnings over cryptocurrencies, stating that it is ""much riskier"" than other electronic payments such as credit cards.[145]",HUN
Gibraltar,Legal,"Back in 2018, Gibraltar became the first country in the world to provide a tailored regulatory framework for businesses that use distributed ledger technology.[146] The travel rule was implemented through the Proceeds of Crime Act 2015 (Transfer of Virtual Assets) Regulations 2021 and has been in force since 22 March 2021.[147]",GIB
Poland,Legal,"The use of bitcoin in Poland is not regulated by a legal act at present.[3]: Poland Szymon Woźniak of the Ministry of Finance made an official announcement on the legality of bitcoin on 18 December 2013 at a conference at the Warsaw School of Economics stating that the Ministry of Finance does not consider bitcoin illegal and does not want to hinder its development.[148] He clarified that while not illegal, bitcoin cannot be considered legal tender, and, in the light of the directives of the European Union, it is neither electronic money.[148] As of 27 January 2015, several banks have closed accounts of clients trading bitcoin, and indicated ""presumption of criminal offense"" as the cause, with ""criminal offense"" presumably being ""cryptocurrency trade"".[149] As of 7 July 2017, the National Bank of Poland (NBP) and Financial Supervision Authority (KNF) issued a comment on virtual ""currencies"".[150] They underlined that virtual currencies (including bitcoin): (1) are not issued or guaranteed by the central bank, (2) are not money, i.e. they are neither legal tender nor currency, (3) can not be used to pay tax liabilities, (4) do not meet the criterion of universal acceptability in shopping and service points, (5) are not electronic money, (6) are not payment services (in legal terms), (7) are not financial instruments (in legal terms). They added that trading virtual currencies in Poland does not violate national or EU law, however, having virtual ""currencies"", involves many risks: (1) risk related to the possibility of loss of funds due to theft, (2) risk related to lack of guarantee, (3) risk of lack of universal acceptability, (4) risk related to the possibility of fraud, (5) risk of high price change. Because of these risks, the NBP and KNF warn against buying virtual currencies and investing in them. The NBP and KNF recognize that the purchase, possession and sale of virtual currencies by entities supervised by the KNF (e.g. banks) would be burdened with high risk and would not ensure a stable and prudent management of the financial institution. Financial institutions should be cautious about engaging and cooperating with virtual currency ""trading"" entities.",POL
Romania,Legal,"The use of bitcoin is regulated by Law 210/2019.[151] As of March 2015, an official statement of the Romanian National Bank mentioned that ""using digital currencies as payment has certain risks for the financial system"".[152] In January 2019, Law nr. 30/2019 clarifies that starting in 2019, income from trading ""virtual currency"" is classified under ""income from other sources"". In addition, there is a new subpoint, Article 116. (2) c), specifying that the income tax of 10% is only applied on the ""positive difference between the selling price and acquisition price"" (and not to the entire received amount from a sale). In addition, profits under 200 RON per transaction that total under 600 RON during a fiscal year are exempt from tax.[153]",ROU
Slovakia,Legal,"The National Bank of Slovakia (NBS), stated[154] that bitcoin does not have the legal attributes of a currency, and therefore it cannot be considered a currency.[a] European legislation, including the Slovak law, does not define the activities associated with virtual currency. Such activities are not regulated and supervised by the National Bank of Slovakia or the European Central Bank. At the same time NBS points out that any legal person or natural person in the Slovak Republic shall not issue any notes or any other coins. Unlawful manufacturing of banknotes and coins and putting them into circulation is punishable by law. In this context, NBS points out that virtual currencies have not a physical counterpart in the form of legal tender and participation in such a scheme (virtual currency) is at your own risk. Exchanges or purchases of virtual currencies represent the business risk of investors and investors' money are not protected. For any compensation of losses caused by such exchanges or purchases there is no legal entitlement.",SVK
Slovenia,Legal,"On 23 December 2013 the Slovenian Ministry of Finance made an announcement[155] stating that bitcoin is neither a currency nor an asset. There is no capital gains tax chargeable on bitcoin, however bitcoin mining is taxed and businesses selling goods/services in bitcoin are also taxed.",SVN
Switzerland,Legal,"Bitcoin businesses in Switzerland are subject to anti-money laundering regulations and in some instances may need to obtain a banking license.[156] On 5 December 2013, a proposal was put forth by 45 members of the Swiss Parliament for digital sustainability (Pardigli), that calls on the Swiss government to evaluate the opportunities for utilization of bitcoin by the country's financial sector.[157] It also seeks clarification on bitcoin's legal standing with respect to VAT, securities and anti-money laundering laws.[158] In response to the parliament postulates, the Swiss Federal Council issued a report on virtual currencies in June 2014.[159] The report states that since virtual currencies are not in a legal vacuum, the Federal Council has concluded that there is no need for legislative measures to be taken at the moment. In 2016, Zug added bitcoin as a means of paying city fees, in a test and an attempt to advance Zug as a region that is advancing future technologies.[160] Swiss Federal Railways, government-owned railway company of Switzerland, sells bitcoins at its ticket machines.[161] In 2018, FINMA stated that it would take a ""balanced approach"" towards the cryptocurrency industry and allow ""legitimate innovators to navigate the regulatory landscape"". By June 2021, a record number of 100 Exchange Traded Products (ETP) and crypto structured products were offered on the SIX Swiss Exchange with a total trading value of CHF 4.6 billion.[162]",CHE
Albania,Legal,"On 21 May 2020, Albania passed a new law to regulate cryptocurrency activities.[163]",ALB
Belarus,Illegal,"The Decree On the Development of Digital Economy — the decree of Alexander Lukashenko, the President of the Republic of Belarus, which includes measures to liberalize the conditions for conducting business in the sphere of high technologies. The provisions of the decree ""On the Development of Digital Economy"" create of a legal basis for the circulation of digital currencies and tokens based on blockchain technology, so that resident companies of the High-Tech Park can provide the services of stock markets and exchange offices with cryptocurrencies and attract financing through the ICO. For legal entities, the Decree confers the rights to create and place their own tokens, carry out transactions through stock markets and exchange operators; to individuals the Decree gives the right to engage in mining, to own tokens, to acquire and change them for Belarusian rubels, foreign currency and electronic money, and to bequeath them. Up to 1 Jan In 2023, the Decree excludes revenue and profits from operations with tokens from the taxable base. In relation to individuals, the acquisition and sale of tokens is not considered entrepreneurial activity, and the tokens themselves and income from transactions with them are not subject to declaration. The peculiarity of the introduced regulation is that all operations will have to be carried out through the resident companies of the High-Tech Park. In addition, the decree includes: Extension of the validity period of the special legal regime of the High-Tech Park until 1 January 2049, and expansion of the list of activities of resident companies. Under the new rules, developers of blockchain-based solutions, developers of machine learning systems based on artificial neural networks, companies from the medical and biotechnological industries, developers of unmanned vehicles, as well as software developers and publishers can become residents. The list of promising areas is unlimited and can be expanded by the decision of the High-Tech Park supervisory board. Preservation of existing benefits for resident companies in the High-Tech Park, including the cancellation of the profit tax (instead of which a contribution of 1% of the gross revenues proceeding to the administration of the park is applied), reduced to 9% of the personal income tax rate for employees, and the right to contribute to the Social Protection Fund according to the national average figures, and not the actual salaries. Exemption of foreign companies providing marketing, advertising, consulting and other services to the residents of the High-Tech Park from paying value-added tax, as well as paying income tax, which allows to promote IT products of Belarusian companies in foreign markets. To encourage investments, the Decree also exempts foreign companies from the tax on income from the alienation of shares, stakes in the authorized capital and shares in the property of residents of the High-Tech Park (under condition of continuous possession of at least 365 days). Introduction of individual English law institutions for residents of the High-Tech Park, which will make it possible to conclude option contracts, convertible loan agreements, non-competition agreements with employees, agreements with responsibility for enticing employees, irrevocable powers of attorney and other documents common in international practice. This measure is aimed at simplifying the structuring of transactions with foreign capital. Simplification of the regime of currency transactions for residents of the High-Tech Park, including the introduction of a notification procedure for currency transactions, the cancellation of the mandatory written form of foreign trade transactions, the introduction of confirmation of the conducted operations by primary documents drawn up unilaterally. Also, the decree removes restrictions on resident companies for transactions with electronic money and allows opening accounts in foreign banks and credit and financial organizations without obtaining permission from the National Bank of the Republic of Belarus. Simplification of the procedure for recruiting qualified foreign specialists by resident companies of the High-Tech Park, including the abolition of the recruitment permit, the simplified procedure for obtaining a work permit, and the visa-free regime for the founders and employees of resident companies with a term of continuous stay of up to 180 days.[citation needed]",BLR
Georgia,Legal,"Based on the public decision issued by the Ministry of Finance of Georgia in 2019,[164] crypto, by its very nature, is not ""sourced"" in any specific geographical location, meaning that it is not considered ""Georgian sourced"". This type of income would come under the 0% tax on capital gains derived from crypto trading laws.[citation needed]",GEO
Kosovo,Illegal,"In January 2022, coinciding with an energy crisis, Kosovo outlawed all cryptocurrency mining. According to BBC News, cryptocurrency mining ""is particularly popular in northern areas of Kosovo, where ethnic Serbs do not recognise the state's independence and refuse to pay electricity bills"".[166]",None
Russian Federation,Illegal,"As of 2014, from the point of view of the current Russian legislation, cryptocurrency is a monetary substitute. According to article 27 of the Federal Law ""On the Central Bank of the Russian Federation (Bank of Russia)"", the issue of monetary surrogates in the Russian Federation is prohibited.[167] As of November 2016, bitcoins were ""not illegal"" according to the Federal Tax Service of Russia.[168] Deputy Finance Minister of the Russian Federation Alexei Moiseev said in September 2017 it's ""probably illegal"" to accept cryptocurrency payments.[169] However, bitcoin market sites are blocked, and court decisions state that bitcoin is a currency surrogate which is outlawed in the territory of the Russian Federation.[170] In 2017, the Central Bank of Russia and Rosfinmonitoring in their informational appeals have repeatedly warned Russian citizens that all operations with cryptocurrency are speculative and carry a high risk of loss of value. The Central Bank of Russia states that: ""Most operations with cryptocurrencies are performed outside the legal regulation of both the Russian Federation and most other states. Cryptocurrencies are not guaranteed or provided by the Bank of Russia.""[171] As of 2021, Putin said Russia accepts the role of cryptocurrencies, and that cryptocurrencies can be used for payment.[172] In January 2022, the Central Bank of Russia proposed to ban ""all cryptocurrency issuance and operations, stop banks from investing in cryptocurrencies, block exchanging crypto for traditional currency, and introduce legal liability for using crypto in purchases"" citing systemic financial risk.[173] According to Bloomberg News and Meduza, the Federal Security Service convinced the Central Bank to ban cryptocurrencies in Russia, as they are used to finance the opposition and independent media.[174][175] In February 2022, the Russian government eventually announced it would support, legalize, and regulate cryptocurrencies, and not ban them.[176] In July 2024, Russia regulated mining and allowed businesses to use cryptocurrencies in international trade while keeping the existing ban on domestic cryptocurrency payments.[177][178]",RUS
Ukraine,Legal,"On 16 March 2022, the president of Ukraine Volodymyr Zelenskyy signed the Virtual Asset Bill into law.[179] On 22 April, the Central Bank banned purchasing cryptocurrencies with local currency and made the monthly limit of $3300 for purchases with foreign currencies.[180] In June 2025, the Verkhovna Rada registered Draft Bill No. 13356 to let the National Bank hold and trade virtual assets as reserve assets. Subsequently, in September 2025 the Rada approved Bill No. 10225-d in first reading, creating a VASP framework and taxes (18% PIT + 5% military levy on first-year fiat conversions; virtual-to-virtual and small transactions exempt).[181]",UKR
Denmark,Legal,"Denmark's Financial Supervisory Authority issued a statement declaring that bitcoin is not a currency and stating that it will not regulate its use.[3]: Denmark On 17 December 2013, Denmark's Financial Supervisory Authority (FSA) has issued a statement that echoes EBA's warning. As of 2017[182] FSA's chief legal adviser says that Denmark might consider amending existing financial legislation to cover virtual currencies.[183]",DNK
Estonia,Legal,"In Estonia, the use of bitcoins is not regulated or otherwise controlled by the government.[3]: Estonia The Estonian Ministry of Finance have concluded that there is no legal obstacles to use bitcoin-like crypto currencies as payment method. Traders must therefore identify the buyer when establishing a business relationship or if the buyer acquires more than 1,000 euros of the currency in a month.[184]",EST
Finland,Legal,"The Finnish Tax Administration has issued instructions for the taxation of virtual currencies, including the bitcoin.[3]: Finland [185] Rather than a currency or a security, a bitcoin transaction is considered a private contract equivalent to a contract for difference for tax purposes. Purchases of goods with bitcoin or conversion of bitcoin into legal currency ""realizes"" the value and any increase in price will be taxable; however, losses are not tax-deductible. Mined bitcoin is considered earned income.[185] Ruling 034/2014 by the Finnish Central Board of Taxes (CBT) stated that commission fees charged on bitcoin purchases by an exchange market were, under the EU VAT Directive, banking services and therefore VAT exempt. This is because the court classified bitcoins as payment instruments - whereas most countries treat their use as an unregulated method for the exchange of goods, or even as a crime.[186][187]",FIN
Iceland,Legal,"According to a 2014 opinion, from the Central Bank of Iceland ""there is no authorization to purchase foreign currency from financial institutions in Iceland or to transfer foreign currency across borders on the basis of transactions with virtual currency. For this reason alone, transactions with virtual currency are subject to restrictions in Iceland.""[188] This does not stop[189] businesses in Iceland from mining bitcoins.[190] The Icelandic Central Bank confirmed that ""it is prohibited to engage in foreign exchange trading with the electronic currency bitcoin, according to the Icelandic Foreign Exchange Act"".[191] On 12 March 2017, the Central Bank amended its rules. With the new rules, wide and general exemptions have been granted from the restrictions of the Foreign Exchange Act No. 87/1992.[192]",ISL
Lithuania,Legal,"Bank of Lithuania released a warning on 31 January 2014, that bitcoin is not recognized as legal tender in Lithuania and that bitcoin users should be aware of the high risks that come with the usage of it.[193]",LTU
Norway,Legal,"The Norwegian Tax Administration stated in December 2013 that they do not define bitcoin as money but regard it as an asset. Profits are subjected to wealth tax. In business, use of bitcoin falls under the sales tax regulation.[194] The Norwegian government stated in February 2017 that they would not levy VAT on the purchase or sale of bitcoin.[195]",NOR
Sweden,Legal,"The Swedish Tax Agency has given a preliminary ruling on Value Added Tax (VAT) on bitcoins, stating that trade in bitcoins is not subject to Swedish VAT, but is instead subject to the Finansinspektionen (Financial Supervisory Authority) regulations and treated as a currency. The decision has been appealed by the Swedish Tax Authority.[3]: Sweden The Swedish jurisdiction is in general quite favorable for bitcoin businesses and users as compared to other countries within the EU and the rest of the world. The governmental regulatory and supervisory body Swedish Financial Supervisory Authority (Finansinspektionen) have legitimized the fast growing industry by publicly proclaiming bitcoin and other digital currencies as a means of payment. For certain businesses interacting with fiat (mainly exchanges) the current regulation dictates that an application for approval/license must be filed and all the AML/CTF and KYC regulations applicable to more traditional financial service providers must be followed.[citation needed]",SWE
Bosnia and Herzegovina,Legal,No regulation on the use of bitcoins.,BIH
Bulgaria,Legal,There is not a single word in Bulgarian laws about bitcoin. People owe 10% tax if they made a profit trading.,BGR
Cyprus,Legal,The use of bitcoin is not regulated in Cyprus.[3]: Cyprus,CYP
Greece,Legal,No specific legislation on bitcoins exists in Greece.[3]: Greece,GRC
Italy,Legal,Italy does not regulate bitcoin use by private individuals.[3]: Italy,ITA
Malta,Legal,"As of 2017[3]: Malta In 2017, the country's prime minister Joseph Muscat announced the approval of a national strategy to promote bitcoin and blockchain technology. Muscat specifically addressed the bitcoin blockchain's ability to handle, store and process sensitive data in an immutable and decentralized ecosystem.[196]",MLT
North Macedonia,Legal,"No specific legislation on bitcoins or cryptocurrency exists in North Macedonia. In 2016, the National Bank of the Republic of North Macedonia published a press release regarding an investigation it made into ONECOIN, and discouraged the citizens from investing in it since it was most likely a scam. In the same press release, the NBRM quoted the law on Foreign Exchange Operations, but since cryptocurrencies do not constitute a foreign currency as they are quoted by the law, it leaves them unregulated.[197]",MKD
Portugal,Legal,"In 2013, the Bank of Portugal stated that Bitcoin was not a safe currency, as their issuance lacked oversight or prudential requirements. As of 2014, Portugal had no specific legal framework for Bitcoin. [3]: Portugal",PRT
Spain,Legal,Transactions in bitcoins are subject to the same laws as barter transactions.[3]: Spain,ESP
Belgium,Legal,"In July 2013, the Minister of Finance expressed concerns over the use of Bitcoin for money laundering, but indicated that government intervention did not yet appear necessary.[3]: Belgium",BEL
France,Legal,"The French Ministry of Finance issued regulations on 11 July 2014 pertaining to the operation of virtual currency professionals, exchanges, and taxation.[198]",FRA
Ireland,Not regulated,"The Central Bank of Ireland was quoted in Dáil Éireann in December 2013 as stating that it does not regulate bitcoin, and that bitcoin is not legal tender in the European Union.[3]: Ireland",IRL
Luxembourg,Legal,The Commission de Surveillance du Secteur Financier has issued a communication in February 2014 acknowledging the status of currency to the bitcoin and other cryptocurrencies.[199] The first BitLicence was issued in October 2015.[200],LUX
Netherlands,Legal,As of 2013[3]: Netherlands When dealing with cryptocurrencies one must declare them and pay taxes to the Dutch Tax and Customs Administration.[201],NLD
United Kingdom,Legal,"As of 2013[3]: United Kingdom Bitcoin is treated as 'private money'. When bitcoin is exchanged for sterling or for foreign currencies, such as euro or dollar, no VAT will be due on the value of the bitcoins themselves. However, in all instances, VAT will be due in the normal way from suppliers of any goods or services sold in exchange for bitcoin or other similar cryptocurrency. Profits and losses on cryptocurrencies are subject to capital gains tax.[202] In March 2022, the Financial Conduct Authority (FCA) declared that all cryptocurrency ATMs in the country were illegal, as none of the ATM's operators had successfully registered with the agency. The FCA cited a failure to comply with know your customer laws, as well as the high risk to customers, due to a lack of regulation and protection.[203][204]",GBR
Australia,Legal,"In December 2013, the governor of the Reserve Bank of Australia (RBA) indicated in an interview about bitcoin legality stating, ""There would be nothing to stop people in this country deciding to transact in some other currency in a shop if they wanted to. There's no law against that, so we do have competing currencies.""[205] Beginning in April 2018, Australian digital currency exchanges must register with the Australian Transaction Reports and Analysis Centre and implement ""know your customer"" policies to comply with new anti-money laundering legislation.[206]",AUS
New Zealand,Legal,"The Reserve Bank of New Zealand states: ""Non-banks do not need our approval for schemes that involve the storage and/or transfer of value (such as 'bitcoin') – so long as they do not involve the issuance of physical circulating currency (notes and coins).""[3]: New Zealand",NZL
Fiji,Legal,Prime Minister Sitiveni Rabuka is a proponent of cryptocurrencies and has even planned to make bitcoin legal tender as soon as 2023.[citation needed],FJI
Tuvalu,Legal,"The government officially supports the use of blockchain technologies, including cryptocurrencies.[207]",TUV
Vanuatu,Legal,Legalised in 2021.[208],VUT
Marshall Islands,Legal,"Decentralised autonomous organisations (DAOs), which are blockchain-based, are considered legal entities in the Marshall Islands.[citation needed]",MHL
Palau,Legal,The use of cryptocurrencies is officially supported by the government.[209],PLW
Samoa,Legal,The use of cryptocurrencies in Samoa is legal but discouraged by the Central Bank of Samoa.[210],WSM
Tonga,Legal,Tonga plans to make bitcoin legal tender by the end of 2023. This has been planned since late 2021.[211],TON
Comoros,No data,,COM
Bahamas,No data,,BHS
French Polynesia,No data,,PYF
"Virgin Islands, British",No data,,VGB
Greenland,No data,,GRL
Guadeloupe,No data,,GLP
Eswatini,No data,,SWZ
Wallis and Futuna,No data,,WLF
Burundi,No data,,BDI
Chad,No data,,TCD
Niue,No data,,NIU
Kiribati,No data,,KIR
"Micronesia, Federated States of",No data,,FSM
Falkland Islands (Malvinas),No data,,FLK
Tokelau,No data,,TKL
Sudan,No data,,SDN
Zambia,No data,,ZMB
Botswana,No data,,BWA
Guinea-Bissau,No data,,GNB
Macao,No data,,MAC
Faroe Islands,No data,,FRO
Libya,No data,,LBY
Saint Vincent and the Grenadines,No data,,VCT
Mayotte,No data,,MYT
Sri Lanka,No data,,LKA
Liechtenstein,No data,,LIE
Isle of Man,No data,,IMN
Madagascar,No data,,MDG
Malawi,No data,,MWI
Rwanda,No data,,RWA
"Bonaire, Sint Eustatius and Saba",No data,,BES
Ghana,No data,,GHA
Cuba,No data,,CUB
Northern Mariana Islands,No data,,MNP
Seychelles,No data,,SYC
Suriname,No data,,SUR
Réunion,No data,,REU
Barbados,No data,,BRB
Western Sahara,No data,,ESH
Paraguay,No data,,PRY
Armenia,No data,,ARM
Kazakhstan,No data,,KAZ
Antigua and Barbuda,No data,,ATG
Puerto Rico,No data,,PRI
Holy See (Vatican City State),No data,,VAT
French Guiana,No data,,GUF
Saint Lucia,No data,,LCA
Nauru,No data,,NRU
Cayman Islands,No data,,CYM
Montenegro,No data,,MNE
Turks and Caicos Islands,No data,,TCA
Uganda,No data,,UGA
Haiti,No data,,HTI
Saint Pierre and Miquelon,No data,,SPM
Niger,No data,,NER
Antarctica,No data,,ATA
Liberia,No data,,LBR
Ethiopia,No data,,ETH
Azerbaijan,No data,,AZE
"Virgin Islands, U.S.",No data,,VIR
Timor-Leste,No data,,TLS
Sierra Leone,No data,,SLE
Norfolk Island,No data,,NFK
Panama,No data,,PAN
South Georgia and the South Sandwich Islands,No data,,SGS
"Congo, The Democratic Republic of the",No data,,COD
Papua New Guinea,No data,,PNG
Iraq,No data,,IRQ
Pitcairn,No data,,PCN
Guatemala,No data,,GTM
Benin,No data,,BEN
Gabon,No data,,GAB
Aruba,No data,,ABW
Gambia,No data,,GMB
Mauritania,No data,,MRT
Somalia,No data,,SOM
Monaco,No data,,MCO
"Saint Helena, Ascension and Tristan da Cunha",No data,,SHN
Svalbard and Jan Mayen,No data,,SJM
Senegal,No data,,SEN
Guinea,No data,,GIN
Belize,No data,,BLZ
Djibouti,No data,,DJI
Bermuda,No data,,BMU
Turkmenistan,No data,,TKM
Guernsey,No data,,GGY
Mongolia,No data,,MNG
Burkina Faso,No data,,BFA
Togo,No data,,TGO
Christmas Island,No data,,CXR
Montserrat,No data,,MSR
Dominica,No data,,DMA
Guyana,No data,,GUY
Heard Island and McDonald Islands,No data,,HMD
Congo,No data,,COG
Lao People's Democratic Republic,No data,,LAO
French Southern Territories,No data,,ATF
Côte d'Ivoire,No data,,CIV
Tajikistan,No data,,TJK
Oman,No data,,OMN
South Sudan,No data,,SSD
Grenada,No data,,GRD
Anguilla,No data,,AIA
Syrian Arab Republic,No data,,SYR
Kuwait,No data,,KWT
Peru,No data,,PER
"Moldova, Republic of",No data,,MDA
Lesotho,No data,,LSO
Mali,No data,,MLI
Bouvet Island,No data,,BVT
Curaçao,No data,,CUW
Andorra,No data,,AND
Kenya,No data,,KEN
Cameroon,No data,,CMR
"Korea, Democratic People's Republic of",No data,,PRK
Latvia,No data,,LVA
Cabo Verde,No data,,CPV
Guam,No data,,GUM
Mozambique,No data,,MOZ
Serbia,No data,,SRB
British Indian Ocean Territory,No data,,IOT
Eritrea,No data,,ERI
Cook Islands,No data,,COK
Uruguay,No data,,URY
"Palestine, State of",No data,,PSE
San Marino,No data,,SMR
American Samoa,No data,,ASM
Saint Barthélemy,No data,,BLM
Equatorial Guinea,No data,,GNQ
Cocos (Keeling) Islands,No data,,CCK
Honduras,No data,,HND
New Caledonia,No data,,NCL
Tunisia,No data,,TUN
Dominican Republic,No data,,DOM
Solomon Islands,No data,,SLB
Sint Maarten (Dutch part),No data,,SXM
United States Minor Outlying Islands,No data,,UMI
Bahrain,No data,,BHR
Sao Tome and Principe,No data,,STP
Saint Kitts and Nevis,No data,,KNA
Martinique,No data,,MTQ
Åland Islands,No data,,ALA
Yemen,No data,,YEM
Bhutan,No data,,BTN
Myanmar,No data,,MMR
Jersey,No data,,JEY
Saint Martin (French part),No data,,MAF
Maldives,No data,,MDV
